<?xml version="1.0" encoding="UTF-8" ?>
<!DOCTYPE mapper
  PUBLIC "-//mybatis.org//DTD Mapper 3.0//EN"
  "https://mybatis.org/dtd/mybatis-3-mapper.dtd">
<mapper namespace="userDAO">

	<select id="getUser" parameterType="userVO"
		resultType="userVO">
		SELECT * FROM USERS WHERE USER_ID = #{userId} AND USER_PWD = #{userPwd}
	</select>
	
	<select id="getUserId" parameterType="userVO" resultType="int">
		SELECT count(*) FROM USERS WHERE USER_ID = #{userId}
	</select>
	
	<select id="insertUser" parameterType="userVO">
		INSERT INTO USERS VALUES(#{userId}, '일반회원', #{userName}, #{userBirth}, #{userPwd}, SYSDATE,0, #{socialType})
	</select>
	
	<select id="modifyUser" parameterType="userVO" resultType="int">
		UPDATE USERS SET USER_PWD = #{userPwd}, USER_NAME = #{userName} WHERE USER_ID = #{userId}
	</select>
	
	<select id="findUserIdList" parameterType="com.spring.learn.user.UserVO"
		resultType="com.spring.learn.user.UserVO">
		SELECT * FROM USERS
		WHERE USER_NAME = #{userName} AND USER_BIRTH = #{userBirth}
		AND GRADE != '관리자'
	</select>


	<select id="findUserId" parameterType="com.spring.learn.user.UserVO"
		resultType="com.spring.learn.user.UserVO">
		SELECT * FROM USERS
		WHERE USER_ID = #{userId}
		AND GRADE != '관리자'
	</select>

	<update id="changePwd" parameterType="com.spring.learn.user.UserVO">
		UPDATE USERS
		SET USER_PWD = #{userPwd}
		WHERE USER_ID = #{userId}
	</update>
	
	<update id="deleteUser" parameterType="userVO">
		UPDATE USERS
		SET
		GRADE = '탈퇴', 
		USER_PWD = NULL, 
		USER_BIRTH = NULL,
		USER_REGDATE = NULL, 
		POINTS = NULL,
		SOCIAL_TYPE = NULL
		WHERE USER_ID = #{userId}
	</update>


	<select id="confirmUser" parameterType="userVO" resultType="userVO">
		SELECT * FROM USERS WHERE USER_ID = #{userId}
	</select>

	<update id="addNaverUser" parameterType="userVO">
		UPDATE USERS SET SOCIAL_TYPE = 'naver' WHERE USER_ID = #{userId}
	</update>

</mapper>






